id,product_id,sku,sku_id,price,calculated_price,sale_price,retail_price,map_price,weight,calculated_weight,width,height,depth,is_free_shipping,fixed_cost_shipping_price,purchasing_disabled,purchasing_disabled_message,image_url,cost_price,upc,mpn,gtin,inventory_level,inventory_warning_level,bin_picking_number,option_values
77,77,SLCTBS--1,127,,49,,,,,1,,,,false,,false,,,0,,,,0,0,,[object Object]
78,77,SLCTBS--1-1-1-1-1-1-1-1-1-1-1-1-1-1-1-1-1-1-1-1-1-1-1-1-1-1-1-1-1-1-1-1-1-1-1-1-1-1-1-1-1-1-1-1-1-1,128,,49,,,,,1,,,,false,,false,,,0,,,,0,0,,[object Object]
79,77,SLCTBS--1-1-1-1-1-1-1-1-1-1-1-1-1-1-1-1-1-1-1-1-1-1-1-1-1-1-1-1-1-1-1-1-1-1-1-1-1-1-1-1-1-1-1-1-1-1-1,129,,49,,,,,1,,,,false,,false,,,0,,,,0,0,,[object Object]
80,77,SLCTBS--1-1-1-1-1-1-1-1-1-1-1-1-1-1-1-1-1-1-1-1-1-1-1-1-1-1-1-1-1-1-1-1-1-1-1-1-1-1-1-1-1-1-1-1-1-1-1-1,130,,49,,,,,1,,,,false,,false,,,0,,,,0,0,,[object Object]
81,77,SLCTBS--1-1-1-1-1-1-1-1-1-1-1-1-1-1-1-1-1-1-1-1-1-1-1-1-1-1-1-1-1-1-1-1-1-1-1-1-1-1-1-1-1-1-1-1-1-1-1-1-1,131,,49,,,,,1,,,,false,,false,,,0,,,,0,0,,[object Object]
82,77,SLCTBS--1-1-1-1-1-1-1-1-1-1-1-1-1-1-1-1-1-1-1-1-1-1-1-1-1-1-1-1-1-1-1-1-1-1-1-1-1-1-1-1-1-1-1-1-1-1-1-1-1-1,132,,49,,,,,1,,,,false,,false,,,0,,,,0,0,,[object Object]
83,77,SLCTBS--1-1-1-1-1-1-1-1-1-1-1-1-1-1-1-1-1-1-1-1-1-1-1-1-1-1-1-1-1-1-1-1-1-1-1-1-1-1-1-1-1-1-1-1-1-1-1-1-1-1-1,133,,49,,,,,1,,,,false,,false,,,0,,,,0,0,,[object Object]
84,77,SLCTBS--1-1-1-1-1-1-1-1-1-1-1-1-1-1-1-1-1-1-1-1-1-1-1-1-1-1-1-1-1-1-1-1-1-1-1-1-1-1-1-1-1-1-1-1-1-1-1-1-1-1-1-1,134,,49,,,,,1,,,,false,,false,,,0,,,,0,0,,[object Object]
85,77,SLCTBS--1-1-1-1-1-1-1-1-1-1-1-1-1-1-1-1-1-1-1-1-1-1-1-1-1-1-1-1-1-1-1-1-1-1-1-1-1-1-1-1-1-1-1-1-1-1-1-1-1-1-1-1-1,135,,49,,,,,1,,,,false,,false,,,0,,,,0,0,,[object Object]
64,80,OTL,,109,109,0,0,0,1,1,1,1,1,false,0,false,0,https://cdn11.bigcommerce.com/s-85kzbf18qd/products/80/images/272/roundterrariumlarge.1639988087.386.513.jpg?c=1,0,,,,0,0,,
65,81,OTS,,89,89,0,0,0,1,1,0,0,0,false,0,false,0,https://cdn11.bigcommerce.com/s-85kzbf18qd/products/81/images/273/roundterrariumsmall.1639988087.386.513.jpg?c=1,0,,,,0,0,0,
66,86,ABS,,225,225,0,0,0,1,1,10,10,10,true,0,false,0,https://cdn11.bigcommerce.com/s-85kzbf18qd/products/86/images/286/ablebrewingsystem4.1639988087.386.513.jpg?c=1,0,,,,0,0,,
67,88,CC3C,,49.5,49.5,0,0,0,1,1,0,0,0,false,0,false,0,https://cdn11.bigcommerce.com/s-85kzbf18qd/products/88/images/292/3cupchemex5.1639988087.386.513.jpg?c=1,0,,,,0,0,0,
46,93,SLLPJ-6088C959,115,,7,,,,,1,,,,false,,false,,,0,,,,0,0,0,"[object Object],[object Object]"
47,93,SLLPJ-20D88EFC,116,,7,,,,,1,,,,false,,false,,,0,,,,0,0,0,"[object Object],[object Object]"
48,93,SLLPJ-0BAF36BA,117,,7,,,,,1,,,,false,,false,,,0,,,,0,0,0,"[object Object],[object Object]"
49,93,SLLPJ-CD28D4F0,118,,7,,,,,1,,,,false,,false,,,0,,,,0,0,0,"[object Object],[object Object]"
50,93,SLLPJ-9A544946,119,,7,,,,,1,,,,false,,false,,,0,,,,0,0,0,"[object Object],[object Object]"
51,93,SLLPJ-F2FD045F,120,,7,,,,,1,,,,false,,false,,,0,,,,0,0,0,"[object Object],[object Object]"
52,93,SLLPJ-0138EE43,121,,7,,,,,1,,,,false,,false,,,0,,,,0,0,0,"[object Object],[object Object]"
53,93,SLLPJ-D334BA28,122,,7,,,,,1,,,,false,,false,,,0,,,,0,0,0,"[object Object],[object Object]"
54,93,SLLPJ-8650D0FD,123,,7,,,,,1,,,,false,,false,,,0,,,,0,0,0,"[object Object],[object Object]"
55,93,SLLPJ-8D93E1C3,124,,7,,,,,1,,,,false,,false,,,0,,,,0,0,0,"[object Object],[object Object]"
56,93,SLLPJ-973630F5,125,,7,,,,,1,,,,false,,false,,,0,,,,0,0,0,"[object Object],[object Object]"
57,93,SLLPJ-889E9C0A,126,,7,,,,,1,,,,false,,false,,,0,,,,0,0,0,"[object Object],[object Object]"
68,94,OCG,,34.95,34.95,0,0,0,1,1,0,0,0,false,0,false,0,https://cdn11.bigcommerce.com/s-85kzbf18qd/products/94/images/314/oakcheesegrater2.1639988087.386.513.jpg?c=1,0,,,,0,0,0,
86,97,TWB-SM,136,,119.95,,,,,1,,,,false,,false,,,0,,,,0,0,,[object Object]
87,97,TWB-ME,137,,119.95,,,,,1,,,,false,,false,,,0,,,,0,0,,[object Object]
88,97,TWB-LA,138,113,113,,,,,1,,,,false,,false,,,0,,,,0,0,,[object Object]
70,98,CGLD,,29.95,29.95,0,0,0,1,1,0,0,0,false,0,false,,https://cdn11.bigcommerce.com/s-85kzbf18qd/products/98/images/327/CommonGoodLaundrySoap.1639988087.386.513.jpg?c=1,0,,,,0,10,0,
71,103,CLC,,249,200,200,0,0,1,1,0,0,0,false,0,false,,https://cdn11.bigcommerce.com/s-85kzbf18qd/products/103/images/334/naturalcanvascart2.1639988087.386.513.jpg?c=1,0,,,,45,4,0,
72,104,OFSUC,,45.95,40,40,0,0,1,1,0,0,0,false,0,false,,https://cdn11.bigcommerce.com/s-85kzbf18qd/products/104/images/336/utilitybucket1.1639988087.386.513.jpg?c=1,0,,,,2,15,0,
73,107,DPB,,34.95,34.95,0,0,0,1,1,0,0,0,false,0,false,0,https://cdn11.bigcommerce.com/s-85kzbf18qd/products/107/images/351/dustpan1.1639988087.386.513.jpg?c=1,0,,,,0,0,0,
74,111,SM13,,100,80,80,0,0,1,1,0,0,0,false,0,false,,https://cdn11.bigcommerce.com/s-85kzbf18qd/products/111/images/371/smithjournal1.1639988087.386.513.jpg?c=1,0,,,,1233,25,0,
482,206,Brake-Rear-Tektro-Blk,437,,39,,,,,45,,,,false,,false,,,0,,,,0,0,,[object Object]
483,206,Brake-Rear-Tektro-Silver,438,,39,,,,,45,,,,false,,false,,,0,,,,0,0,,[object Object]
484,206,Brake-Front-Tektro-Blk,439,,39,,,,,45,,,,false,,false,,,0,,,,0,0,,[object Object]
485,206,Brake-Front-Tektro-ilver,440,,39,,,,,45,,,,false,,false,,,0,,,,0,0,,[object Object]
487,207,Handlebar-BMX22.2-Silver,441,,14,,,,,907,,,,false,,false,,,0,,,,0,0,,[object Object]
488,207,Handlebar-BMX22.2-Black,442,,14,,,,,907,,,,false,,false,,,0,,,,0,0,,[object Object]
489,207,Handlebar-BMX22.2-Blue,443,,14,,,,,907,,,,false,,false,,,0,,,,0,0,,[object Object]
490,207,Handlebar-BMX22.2-Gold,444,,14,,,,,907,,,,false,,false,,,0,,,,0,0,,[object Object]
491,207,Handlebar-BMX22.2-Green,445,,14,,,,,907,,,,false,,false,,,0,,,,0,0,,[object Object]
492,207,Handlebar-BMX22.2-Red,446,,14,,,,,907,,,,false,,false,,,0,,,,0,0,,[object Object]
493,207,Handlebar-BMX22.2-White,447,,14,,,,,907,,,,false,,false,,,0,,,,0,0,,[object Object]
495,208,Stem-Adjustable-Silver,448,,24,,,,,680,,,,false,,false,,,0,,,,0,0,,[object Object]
496,208,Stem-Adjustable-Black,449,,24,,,,,680,,,,false,,false,,,0,,,,0,0,,[object Object]
497,209,4mm-5mm-6mm-y-wrench,,3,3,0,0,0,113,113,0,0,0,false,0,false,,https://cdn11.bigcommerce.com/s-85kzbf18qd/products/209/images/446/y-wrench__86079.1643900304.386.513.jpg?c=1,0,,,,0,0,,
499,210,Fender-As-Saver-Crazy Black,450,,14,,,,,45,,,,false,,false,,,0,,,,55,8,,[object Object]
500,210,Fender-Ass-Saver-Ballsy-Blue,451,,14,,,,,45,,,,false,,false,,,0,,,,55,5,,[object Object]
501,210,Fender-Ass-Saver-Mousey-Grey,452,,14,,,,,45,,,,false,,false,,,0,,,,55,5,,[object Object]
502,210,Fender-Ass-Saver-Redrum-Red,453,,14,,,,,45,,,,false,,false,,,0,,,,35,5,,[object Object]
503,210,Fender-Ass-Saver-Tonka-Yellow,454,,14,,,,,45,,,,false,,false,,,0,,,,55,5,,[object Object]
504,210,Fender-Ass-Saver-Invisibly-Clear,455,,14,,,,,45,,,,false,,false,,,0,,,,55,5,,[object Object]
505,211,15mm-combo-wrench,,10.99,10.99,0,0,0,272,272,0,0,0,false,0,false,,https://cdn11.bigcommerce.com/s-85kzbf18qd/products/211/images/449/15mm-icetoolz-combo-wrench_1__59234.1643900304.386.513.jpg?c=1,0,,,,0,0,,
